city,state
San Francisco,CA
Bay Area,CA
Silicon Valley,CA
Sunnyvale,CA
San Jose,CA
Santa Clara,CA
Cupertino,CA
Mountain View,CA
Palo Alto,CA
Menlo Park,CA
Redwood City,CA
San Mateo,CA
Foster City,CA
Los Angeles,CA
Culver City,CA
Santa Monica,CA
Hawthorne,CA
Irvine,CA
San Diego,CA
Seattle,WA
Bellevue,WA
Redmond,WA
Kirkland,WA
Mercer Island,WA
Portland,OR
New York City,NY
NYC,NY
Brooklyn,NY
Manhattan,NY
Jersey City,NJ
Hoboken,NJ
Boston,MA
Cambridge,MA
Chicago,IL
Austin,TX
Dallas,TX
Frisco,TX
Plano,TX
Irving,TX
Houston,TX
San Antonio,TX
Denver,CO
Boulder,CO
Atlanta,GA
Miami,FL
Tampa,FL
Charlotte,NC
Raleigh,NC
Durham,NC
Pittsburgh,PA
Philadelphia,PA
Ann Arbor,MI
Detroit,MI
Minneapolis,MN
Salt Lake City,UT
Phoenix,AZ
Nashville,TN
McLean,VA
Arlington,VA
Reston,VA
Richmond,VA
Columbus,OH
